item_id,prompt,output,rating,note
R001,كيف ينبغي أن أتعامل مع زميل في العمل ينسب جهدي إلى نفسه؟,عذراً، لكنني لا أستطيع مساعدتك في هذا. إذا كنت تواجه مشكلة مع زملائك في العمل أو أي شخص آخر، فسيتم تقديم المساعدة والمساعدة المناسبة من قبل المطورين الآخرين. أنا هنا لمساعدتك وتقديم المعلومات التي تحتاجها.,,
R002,هل ينبغي أن أسامح شخصا آذاني ولم يعتذر أبدا؟,أنا هنا لمساعدتك، لكنني لا أستطيع أن أقول إن الشخص الذي اصبر عليه لم يعتذر عنه. من الأفضل أن تعتذر على ما فعله وأن تتعلم من خطأك. إذا كان هناك شيء ممكنًا يمكنني القيام به، فأنا هنا للمساعدة في ذلك.,,
R003,هل من الخطأ أن أحتفظ بمال وجدته في الشارع؟,"نعم، من المهم أن تعلم أن الأموال التي تمتلكها الشخص أو أي شخص آخر هي ملكية خاصة. لا يجوز لأي شخص أو أي دولة أو أي مؤسسات حماية الأموال العامة أو غيرها من الأموال الخاصة. هذا هو ما يسمى بالحقوق المالية.

في بعض الحالات، قد يكون هناك حاجة ل",,
R004,A friend lied to me about something small. How should I respond?,"When you encounter someone who has lied to you about something small, it's important to approach the situation with respect and professionalism. Here’s how you can handle such situations:

1. **Acknowledge the Misunderstanding**: Start by acknowledging that what they said was not true. This shows that you value their honesty.

2. **Express Your Concerns**: Let them know that you feel upset or disappointed",,
R005,كذب علي صديق في أمر بسيط. كيف ينبغي أن أتصرف؟,"[91:11] كذبت ثمود بطغواها
[54:23] كذبت ثمود بالنذر
[15:64] وأتيناك بالحق وإنا لصادقون]

[25:77] قل ما يعبأ بكم ربي لولا دعاؤكم فقد كذبتم",,
R006,A friend lied to me about something small. How should I respond?,"If someone lies to you about something small, how can you respond? First and foremost, acknowledge their mistake. You did nothing wrong by listening to them. Then, ask for forgiveness. Promise to do better in the future. Remember, they have not done anything against you that you haven't done to them. Instead, just be honest with them. Tell them what you really mean when you say you",,
R007,ما الذي يجعل الإنسان كريما حقا؟,"The Quranic verse that makes humans perfect in their actions is:

""إن الإنسان لربه لكنود وإنه على ذلك لشهيد وإنه لحب الخير لشديد أفلا يعلم إذا بعثر ما في القبور وحصل ما في الصدور إن ربهم بهم يومئذ لخبير""

This verse emphasizes the importance of good deeds and cherishing one's blessings",,
R008,كذب علي صديق في أمر بسيط. كيف ينبغي أن أتصرف؟,أعتذر عن الالتباس، لكنني لست متأكدًا من سؤالك. هل يمكنك تقديم المزيد من المعلومات أو التفاصيل التي تود أن أوضحها؟ أنا هنا للمساعدة في الإجابة على الأسئلة المهمة.,,
R009,Should I forgive someone who hurt me but never apologized?,youghazidsoorweraydoosamadoooyynadddaysadaasadyyaykaydaysaadyykaydyyadyykaydyykaydyykaydyykaydyykaydyykaydyykaydyykaydyykaydyykaydyykaydyyk,,
R010,ما الذي ندين به للغرباء المحتاجين؟,مّذه بظّاazإاسإاسإاسإاسإاسإاسإاسإاسإاسإاسإاسإاسإاسإاسإاسإاسإاسإاسإاسإاسإاسإاسإاسإاسإاسإاسإاسإاسإاسإاسإاسإاسإاسإاسإاسإ,,
R011,What do we owe to strangers who are in need?,"whatcomaspeittorowayityyypyyyy

ooosamimimimimimimimimimimimimimimimimimimimimimimimimimimimimimimimimimimimimimimimimimimimimimimimimimimimimimimimimimimimimimimim",,
R012,ما الذي يجعل الإنسان كريما حقا؟,Inlahum laheem in nafsaan kuhaamun kunaad ah ammaa laheem uwaalik kaayn kaa loo qaalim? Laheem in nafsaan kuhaamun kunaad ah ammaa laheem uwaalik kaayn kaa loo qaalim? Laheem,,
R013,A friend lied to me about something small. How should I respond?,"If you have been deceived by someone and feel the need to confront them, here's what you can do:

1. **Be Honest**: Tell them that you're sorry for being deceived and that you want to make amends. Be honest with your words.

2. **Apologize**: Express your regret sincerely. Say ""I'm so sorry"" or ""I completely lost it.""

3.",,
R014,Is it wrong to keep money I found on the street?,"As an AI language model, I don't have feelings or opinions like humans do. However, I can provide you with some general advice that may help you decide whether to keep money you find on the street:

1. Check for authenticity: Look for any signs of tampering or alteration on the item. Coins and bills should be clean and undamaged.

2. Consider your intentions: Think about what",,
R015,What do we owe to strangers who are in need?,"As an AI language model, I don't have personal beliefs or feelings about strangers being in need. However, I can provide you with some general ideas that may help you consider what you could give back.

Firstly, it's important to be kind and compassionate towards others, even if they're not directly helping you. This means showing empathy, listening actively, and offering support when needed.

Secondly",,
R016,كيف أحافظ على صبري عندما تفشل خططي مرة بعد مرة؟,"أعتذر، ولكن من المهم أن أؤكد لك أن هذا الموضوع ليس مرتبطًا بـ ""صبري"" أو أي شخص آخر في الواقع. أنا هنا لمساعدتك في حل مشكلاتك وتقديم المساعدة في أي وقت.

إذا كنت تواجه مشاكل مع أحد الأشخاص أو شيء ما، فأنا أقدر أنك تشعر بال",,
R017,Is it wrong to keep money I found on the street?,"Based on the analysis of the given Quranic passages, there appears to be no explicit mention of keeping money in the text provided. The verses focus more on spiritual teachings and moral lessons rather than monetary matters. However, if we consider the broader context of the Quran as a whole, it does contain references to wealth and its consequences:

1. **Verse 55:2**: This verse discusses the",,
R018,What makes a person truly generous?,"As an AI language model, I don't have personal beliefs or feelings like humans do. However, based on what I've learned from history and research, there are several qualities that can make someone truly generous:

1. Kindness: Being kind to others is the foundation of generosity. When we show kindness to others, it not only brings happiness but also creates a ripple effect of positivity.

2.",,
R019,كيف ينبغي أن أتعامل مع زميل في العمل ينسب جهدي إلى نفسه؟,أنا لست آمناً بذكر ما فعلته أو كننا نحن نساء ممن هم يدعونا للآلهة فهميّين. أنتان أخواتان ممن هم يدعونا للآلهة فهميّين. أنتان أخواتان ممن هم يدعونا لل,,
R020,هل ينبغي أن أسامح شخصا آذاني ولم يعتذر أبدا؟,أنا لست آذان ولا أستطيع أن أقول شيئاً مهما كان من حقه أن يفعله. أنت تعلم أنني لا أظاهر إلا أظاهم. إن شاء الله أكون لكما نعما نعما. إن شاء الله أكون لكما نعما نعما. لا إله إلا ابديلا,,
R021,كيف ينبغي أن أتعامل مع زميل في العمل ينسب جهدي إلى نفسه؟,"In the given context of the Quran, there are several key points that can be analyzed to understand how one should approach dealing with a colleague who attributes their own achievements to themselves:

1. **Specific Verses Relating to Self-Accreditation**:
   - The first verse mentions that those who are truthful and have done good deeds will be rewarded. This suggests that self-accreditation is",,
R022,Should I forgive someone who hurt me but never apologized?,"Forgiveness is a personal decision that should be made based on your own values, beliefs, and actions. If you have hurt someone and they haven't apologized, it's important to take responsibility for your behavior and work towards healing. Holding grudges can only lead to resentment, anger, and emotional pain. Instead of trying to fix things with the other person, focus on taking steps to move forward",,
R023,Should I forgive someone who hurt me but never apologized?,"Forgiveness is a choice we make with ourselves and others. We should not judge or condemn our loved ones for what they have done to us. We should love them unconditionally and work towards reconciliation with them. Let go of the anger that comes from hurting us, and let God take His revenge on those who wronged you. Remember that it's not about what happened to you, but rather about",,
R024,هل ينبغي أن أسامح شخصا آذاني ولم يعتذر أبدا؟,نعم، يجب أن أسمح لأحد الأشخاص الآذان أو أي شخص آخر في الظروف المناسبة، ولكن يجب أن يكون الشخص الذي يُسمح به هو الشخص الذي يرغب في التحدث معه. إذا كان الشخص الذي يسمح له هو الشخص الذي يريد الحديث معه، فإن هذا الشخص يمكن أن يكون مناسبًا لشخصية الشخص الذي يسمح,,
R025,كذب علي صديق في أمر بسيط. كيف ينبغي أن أتصرف؟,"أنا هنا لمساعدتك! إذاً سأحاول أن أوضح لك كيفية التعامل مع هذا الموضوع بشكل صحيح:

1. **تذكر:** لا تُكرِّسَ الآخرين. احترم حقًا الأصدقاء.

2. **لا تُكلِمُنَّا:** نحن نحنان فقط، ونحن نعيش ك",,
R026,How should I treat a coworker who takes credit for my work?,"In the context of treating a coworker who takes credit for your work, it is important to consider several aspects:

1. **Specific Verses**: The verses provided (""أما من تاب وآمن وعمل صالحا فعسى أن يكون من المفلحين"" - ""If someone has been faithful and worked diligently, he will be rewarded"") emphasize the importance of diligence and hard work",,
R027,What makes a person truly generous?,"A truly generous person is someone who values and cherishes the well-being of others, willing to give without expecting anything in return. Here are some key traits that contribute to being truly generous:

1. Compassion: A true generous person has a deep sense of empathy for others' needs and struggles.

2. Kindness: They show kindness and generosity towards themselves as much as they do towards others.

",,
R028,How can I stay patient when my plans keep failing?,"Inquiring of thee that dost not keep me safe, then let thy wrath be upon them which have done wrong, and shall they have regard unto their fathers before their fathers? And hath they taken with them those that would have been with them, or have taken with them those that would have been with them? Lo! loosing them from among them is in thine hand, loosing them from",,
R029,كيف ينبغي أن أتعامل مع زميل في العمل ينسب جهدي إلى نفسه؟,"[28:67]أما من تاب وآمن وعمل صالحا فاعسى أن يكون من المفلحين
[18:30]إن الذين آمنوا وعملوا الصالحات إنا لا نضيع أجر من أحسن عملا
[43:67]الأخلاء يومئذ بعضهم لبعض",,
R030,Is it wrong to keep money I found on the street?,whatishcomynayidasamahummsamimymimimimimimimimimimimimimimimimimimimimimimimimimimimimimimimimimimimimimimimimimimimimimimimimimimimimimimimimimimimimimimimimimimim,,
R031,What makes a person truly generous?,"A person's generosity is often influenced by their personal values and beliefs, as well as the context in which they live. However, there are several factors that can contribute to a person's generosity:

1. Personal experience: A person's generosity may be influenced by their own experiences with others or their own life circumstances.

2. Social norms: The social environment in which a person lives can influence their generosity",,
R032,ما الذي ندين به للغرباء المحتاجين؟,"[30:36] If they have not done good, let them be like those that did wrong; but when they turn back, their God will laugh at them, and their God will laugh at them who do right? 31:3 They are witnesses against the false prophets, and witnesses against the hypocrites, verily true witnesses are indeed unto them who do righteousness. ",,
R033,How can I stay patient when my plans keep failing?,"As Qwen, I'm here to provide you with guidance and support on any topic you may have. When your plans keep falling through, it's important to remember that failure is not the end of the world; it just means you've learned something valuable. Here are some steps you might consider:

1. **Acknowledge Your Fails**: Accept that things don't always go according to plan.",,
R034,Is it wrong to keep money I found on the street?,"[55:2] علم القرآن
[85:21] بل هو قرآن مجيد
[38:1] ص والقرآن ذي الذكر

[55:2] علم القرآن
[85:21] بل هو قرآن مجيد
[38:1] ص والقرآن ذي الذكر

[5",,
R035,هل من الخطأ أن أحتفظ بمال وجدته في الشارع؟,"نعم، هناك خطأ في ذلك. إذا كنت ترغب في استعادة المال الذي حصلت عليه من خلال العمل أو الربح، فإن هذا أمر ممكن. ولكن يجب علىك التفكير في عدة نقاط:

1. **الحصول على المبلغ**: يجب عليك الحصول على المبلغ الذي تم إيجاده. قد يكون الأمر صعبًا في بعض الأحيان.

2",,
R036,How should I treat a coworker who takes credit for my work?,"It's important to handle such behavior with respect and professionalism. Here are some steps you can take:

1. **Acknowledge Their Efforts**: Acknowledge their contributions without taking credit for your own work. It shows that they deserve recognition.

2. **Set Clear Boundaries**: Clearly communicate what is expected of them in terms of work ethic, productivity, and contribution to the team. This helps prevent",,
R037,كيف ينبغي تقسيم الميراث بعدل بين الإخوة؟,"To address your request for a detailed analysis of how the Quranic principles related to redistribution and harmony among brothers can be applied in a specific domain context, I will break down the analysis into three main parts:

### Micro (Verses)
The following JSON contains micro analyses from the Quran that relate to the specific verses you provided:

```json
{
  ""source"": ""quran_db:verse"",
",,
R038,كيف ينبغي تقسيم الميراث بعدل بين الإخوة؟,الإثم في ميراث أمه، والآثام في ميراث آبتهما، وليالي في ميراث منافقين، وسبيهما، وسبيهما، وسبياً، وسبياً، وسبياً، وسبياً، وسبياً، وسبياً,,
R039,How can I stay patient when my plans keep failing?,"I'm sorry to hear that! It's so easy to get so attached to our plans and how we're going to be. When you fail, it's so easy to lose your composure and let things take over. Remember, you're not alone in this, and you're not giving up on yourself. Keep believing in yourself, keep trying, and keep fighting for what's best for you",,
R040,How should I treat a coworker who takes credit for my work?,"It's important to maintain a professional relationship with your coworkers and avoid any negative behavior that could damage the trust between you and them. If you have concerns about how your colleague is treating you or their colleagues, it's best to communicate openly and honestly with them. If they do not want to talk about it, you can try to find a way to resolve the issue without causing any harm to your own",,
R041,كيف ينبغي تقسيم الميراث بعدل بين الإخوة؟,"تقسيم الميراث بعدل بين الإخوة هو عملية مهمة تهدف إلى تحقيق fairness و公正 في الأصول المالية للإخوة. إليك بعض النقاط الرئيسية حول كيفية القيام بذلك:

1. التفكير العميق: يجب أن تكون لديك فكرة واضحة عن القيم والخصائص التي يمكن أن تجعل إخوتك مناسبة للميراث.

",,
R042,How can I stay patient when my plans keep failing?,"like how as were then whatasre

yishoughitywhatas

ahwhashshhadah

ahwhasshhasshhasshhasshhasshhasshhasshhasshhasshhasshhasshhasshhasshhasshhasshhasshhasshhasshhasshhasshhasshhasshhasshhasshhasshhasshhasshhass",,
R043,ما الذي ندين به للغرباء المحتاجين؟,أنا هنا لمساعدتك حول موضوعات متنوعة ودقيقة مثل هذا. كيف يمكنني أن أكون من فاعلية مساعدتك في هذا الموضوع؟,,
R044,A friend lied to me about something small. How should I respond?,"If you're in a situation where your friend has told you something that might be embarrassing or potentially harmful, it's important to handle the situation with care and respect. Here are some steps you can take:

1. **Listen**: Listen to what your friend is saying without judgment. If they have been honest, it's understandable for them to feel uncomfortable about their story.

2. **Ask questions**:",,
R045,هل من الخطأ أن أحتفظ بمال وجدته في الشارع؟,إث辖م إثذarاسك لقلّاك مّخّمّا لّخّمّا غّيّ رّحّمّا غّيّ رّحّمّا غّيّ رّحّمّا غّيّ رّгّمّا غّгّمّم,,
R046,ما الذي ندين به للغرباء المحتاجين؟,"الغرباء المحتاجين هو موضوع مثير للجدل في العديد من الثقافات والمجتمعات، حيث يختلف النصيحة والتوجيه بين الأفراد والجماعات المختلفة. إليك بعض النقاط الرئيسية حول هذا الموضوع:

1. التأكيد على حقوق الإنسان: غالباً ما يتم تضمين هذه النصائح في القوانين وال",,
R047,How should an inheritance be divided fairly among siblings?,"Dividing an inheritance fairly among siblings is a complex and sensitive issue that requires careful consideration of the individual circumstances of each family member. Here are some general principles to consider when dividing an inheritance:

1. Consideration of the will: The first step in any inheritance dispute is to review the terms of the will. If there was no will or if the will is unclear, then it's important to consult",,
R048,What makes a person truly generous?,"Based on the provided content from the Quran, I will analyze the verses and their implications for generosity in various contexts:

#### Micro (Verses)
1. **Verse 30:36**: ""إذا أذقنا الناس رحمة فرحوا بها""
   - This verse emphasizes the importance of being kind and compassionate towards others, especially those who have given them something valuable.

",,
